SMILES,MW,RBN,nCIC,nHAcc,nHDon,ALogP,TPSA,RESULT
CCC(CC)OC1C=C(CC(N=C(N)N)C1NC(C)=O)P(O)(O)=O,362.42,7,1,9,7,-1.445,170.07,Active
CCOC(=O)C1=CC(OC(CC)CC)C(NC(C)=O)C(N)C1,312.46,8,1,6,3,1.046,90.65,Active
CCCN(CCC)C(=O)C1OC(=CC(N)C1NC(=O)C(F)(F)F)C(O)=O,381.4,7,1,11,4,0.4,121.96,Active
CC(=O)NC1C(NC(N)=N)C=C(OC1C(O)C(O)CO)C(O)=O,332.36,7,1,11,9,-3.444,198.22,Active
CCC(CC)OC1C=C(CC(N)C1NC(C)=O)P(O)(O)=O,320.37,6,1,7,5,-1.248,131.69,Active
CC(=O)NC1C(C=C(OC1C(O)C(O)CO)C(O)=O)N=C(N)N,332.36,6,1,11,9,-3.669,200.72,Active
CCCN(CCC1=CC=CC=C1)C(=O)C1OC(=CC(N)C1NC(=O)CC)C(O)=O,403.53,9,2,8,4,1.011,121.96,Active
CCN(CC)C(=O)C1OC(=CC(NC(N)=N)C1NC(C)=O)C(O)=O,341.42,7,1,10,6,-1.706,157.84,Active
CCC(CC)OC1C=C(CC(N)C1NC(C)=O)C(O)=O,284.4,6,1,6,4,0.446,101.65,Active
CCOP(O)(=O)C1=CC(OC(CC)CC)C(NC(C)=O)C(C1)N=C(N)N,390.48,9,1,9,6,-0.688,159.07,Active
CCC(CC)C(NC(C)=O)C1C(O)C(CC1NC(N)=N)C(O)=O,328.47,8,1,8,7,0.036,148.53,Active
CCCOC1C=C(CC(N=C(N)N)C1NC(C)=O)C(O)=O,298.39,6,1,8,6,-0.652,140.03,Active
CCCN(CCC1=CC=CC=C1)C(=O)C1OC(=CC(N)C1NC(C)=O)C(O)=O,389.5,8,2,8,4,0.345,121.96,Active
CCCN(CCC)C(=O)C1OC(=CC(NC(N)=N)C1NC(C)=O)C(O)=O,369.48,9,1,10,6,-0.659,157.84,Active
CCOP(O)(=O)C1=CC(OC(CC)CC)C(NC(C)=O)C(N)C1,348.43,8,1,7,4,-0.491,120.69,Active
CCCN(CCC)C(=O)C1OC(=CC(N)C1NC(C)=O)C(O)=O,327.43,7,1,8,4,-0.688,121.96,Active
CCCN(CC)C(=O)C1OC(=CC(N)C1NC(C)=O)C(O)=O,313.4,6,1,8,4,-1.211,121.96,Active
CCN(CC)C(=O)C1OC(=CC(N)C1NC(C)=O)C(O)=O,299.37,5,1,8,4,-1.735,121.96,Active
CCCN(CCC1=CC=CC=C1)C(=O)C1OC(=CC(N)C1NC(=O)C(F)(F)F)C(O)=O,443.47,8,2,11,4,1.433,121.96,Active
CCCN(CCC1=CC=C(C=C1)C1=CC=CC=C1)C(=O)C1OC(=CC(N)C1NC(C)=O)C(O)=O,465.6,9,3,8,4,1.863,121.96,Active
CCCN(C)C(=O)C1OC(=CC(NC(N)=N)C1NC(C)=O)C(O)=O,341.42,7,1,10,6,-1.531,157.84,Active
CCCCN(CCC)C(=O)C1OC(=CC(N)C1NC(C)=O)C(O)=O,341.46,8,1,8,4,-0.232,121.96,Active
CCCOC1C=C(CC(N=C(N)NC)C1NC(C)=O)C(O)=O,312.42,7,1,8,5,-0.22,126.04,Active
CCN(CCC1=CC=CC=C1)C(=O)C1OC(=CC(N)C1NC(C)=O)C(O)=O,375.47,7,2,8,4,-0.179,121.96,Active
CCCN(CCC)C(=O)C1OC(=CC(N)C1NC(=O)CC)C(O)=O,341.46,8,1,8,4,-0.021,121.96,Active
CCCN(CCC1=CC=CC=C1)C(=O)C1OC(=CC(N=C(N)N)C1NC(C)=O)C(O)=O,431.55,9,2,10,6,0.148,160.34,Active
CCCN(CCC1=CC=CC=C1)C(=O)C1OC(=CC(O)C1NC(C)=O)C(O)=O,390.48,8,2,8,3,0.634,116.17,Active
CCCN(CCC1=CC=CC=C1)C(=O)C1OC(=CCC1NC(C)=O)C(O)=O,374.48,8,2,7,2,1.466,95.94,Active
CC(C)CN(CCC1=CC=CC=C1)C(=O)C1OC(=CC(N)C1NC(C)=O)C(O)=O,403.53,8,2,8,4,0.664,121.96,Active
CCCCN(CCCC)C(=O)C1OC(=CC(N=C(N)N)C1NC(C)=O)C(O)=O,397.54,10,1,10,6,0.028,160.34,Active
CCC(CC)C(NC(C)=O)C1C(N)CC(C1O)C(O)=O,286.42,6,1,6,5,0.007,112.65,Active
CC(=O)NC1C(N)CC(=CC1OC1CCCC1)C(O)=O,282.38,4,2,6,4,0.074,101.65,Active
CCCCCCCCCN(CCC)C(=O)C1OC(=CC(N)C1NC(C)=O)C(O)=O,411.61,13,1,8,4,2.05,121.96,Active
CN(C)C(=O)C1OC(=CC(NC(N)=N)C1NC(C)=O)C(O)=O,313.36,5,1,10,6,-2.404,157.84,Active
COC(=O)C1CC(NC1C(CC(C)C)NC(C)=O)C(O)=O,300.4,7,1,7,3,0.319,104.73,Active
CCCN(CCC1=CC=CC=C1)C(=O)C1OC(=CC(N)C1NC(=O)C1CC1)C(O)=O,415.54,9,3,8,4,1.102,121.96,Active
CC(=O)NC1C(N)CC(=CC1OC1CCCCC1)C(O)=O,296.41,4,2,6,4,0.53,101.65,Active
CCCN1N=C(CC2=CC=CC=C2)N=C1C1OC(=CC(NC(=O)OC(C)(C)C)C1NC(C)=O)C(=O)OC(C1=CC=CC=C1)C1=CC=CC=C1,665.86,14,5,10,2,5.614,133.67,Active
CCC(CC)NC1C=C(CC(N)C1NC(C)=O)C(O)=O,283.42,6,1,6,5,0.18,104.45,Active
CCCCC(NC(C)=O)C1CC(CC1N=C(N)N)C(O)=O,298.44,7,1,7,6,0.362,130.8,Active
CCCOC1C=C(CC(N)C1NC(C)=O)C(O)=O,256.34,5,1,6,4,-0.455,101.65,Active
CCCOC1C=C(CC(N=CN)C1NC(C)=O)C(O)=O,283.37,6,1,7,4,-0.458,114.01,Active
CCCN(C)C(=O)C1OC(=CC(N)C1NC(C)=O)C(O)=O,299.37,5,1,8,4,-1.56,121.96,Active
CC(=O)NC1C(N)CC(=CC1OCCC(F)(F)F)C(O)=O,310.31,5,1,9,4,-0.608,101.65,Active
CCCN(CCC)C(=O)C1OC(=CC(NC)C1NC(C)=O)C(O)=O,341.46,8,1,8,3,-0.256,107.97,Active
CCN(C(C)C)C(=O)N1CC(C(N)C1CNC(=O)C(F)(F)F)C(O)=O,368.41,5,1,11,4,-0.2,115.97,Active
CC(=O)NC1C(N)C=C(OC1C(O)C(O)CO)C(O)=O,290.31,5,1,9,7,-3.473,162.34,Active
CN(CCC1=CC=CC=C1)C(=O)C1OC(=CC(N)C1NC(C)=O)C(O)=O,361.44,6,2,8,4,-0.528,121.96,Active
CCCCC1=NN=C(C2OC(=CC(N)C2NC(C)=O)C(O)=O)N1CCC,365.49,8,2,8,4,0.361,132.36,Active
COC(=O)C1CC(OC1C(CC(C)C)NC(C)=O)C(O)=O,301.38,7,1,7,2,0.585,101.93,Active
CCCN(CCC)C(=O)C1OC(=CC(NCC)C1NC(C)=O)C(O)=O,355.49,9,1,8,3,0.093,107.97,Active
CCCCN(CCCC)C(=O)C1OC(=CC(N)C1NC(C)=O)C(O)=O,355.49,9,1,8,4,0.225,121.96,Active
CCCNC(=O)C1OC(=CC(NC(N)=N)C1NC(C)=O)C(O)=O,327.39,7,1,10,7,-1.737,166.63,Active
CC(=O)NC1C(N)CC(=CC1OC1=CC=CC=C1)C(O)=O,290.35,4,2,6,4,0.435,101.65,Active
CC(C)CC(NC(C)=O)C1OC(CC1C1=CNC=N1)C(O)=O,309.41,6,2,6,3,0.564,104.31,Active
CC(=O)NC1C(N)C=C(OC1C(=O)NCCC1=CC=CC=C1)C(O)=O,347.41,6,2,8,5,-0.734,130.75,Inactive
CCCN1N=C(N=C1CC1=CC=CC=C1)C1OC(=CC(NC(=O)OC(C)(C)C)C1NC(C)=O)C(=O)OC(C1=CC=CC=C1)C1=CC=CC=C1,665.86,14,5,10,2,5.614,133.67,Inactive
COC1=CC=C(C(=O)C=CC2=CC=C(O)C=C2)C(O)=C1CC(O)C(C)=C,354.43,7,2,5,3,3.959,86.99,Inactive
CCNC(=O)C1OC(=CC(N)C1NC(C)=O)C(O)=O,271.31,4,1,8,5,-2.29,130.75,Inactive
CC(C)N(C(C)C)C(=O)N1CC(N=C(N)N)C(C1)C(O)=O,299.43,4,1,8,5,-0.329,125.25,Inactive
CC(=O)NC1C(N)C=C(OC1C1=NC(=NO1)C1=CC=CC=C1)C(O)=O,344.36,4,3,9,4,-0.531,140.57,Inactive
CCN(C(C)C)C(=O)N1CC(C(N)C1CNC(=O)CC)C(O)=O,328.47,6,1,8,4,-0.622,115.97,Inactive
CCCN(CCC)C(=O)C1OC(=CC(N)C1NC(=O)C(C)C)C(O)=O,355.49,8,1,8,4,0.442,121.96,Inactive
CCCNC(=O)C1OC(=CC(N)C1NC(C)=O)C(O)=O,285.34,5,1,8,5,-1.766,130.75,Inactive
CC(C)N(CCCC(O)=O)C(=O)N1CC(N)C(C1)C(O)=O,301.39,6,1,8,4,-0.833,124.17,Inactive
NC(=N)NC1=CC(=CC=C1N1C(CO)CCC1=O)C(O)=O,292.33,5,2,8,6,-0.089,139.74,Inactive
CC(C)N(CCO)C(=O)N1CC(N)C(C1)C(O)=O,259.35,4,1,7,4,-1.398,107.1,Inactive
CCC(CC)C(=O)N1CC(N)C(C1)C(O)=O,228.33,4,1,5,3,0.255,83.63,Inactive
CC(=C)C(O)CCC(C)=CCC1=C(O)C=CC(C(=O)C=CC2=CC=C(O)C=C2)=C1O,408.53,9,2,5,4,5.535,97.99,Inactive
CC(=O)NC1C(N)C=C(OC1C1=NC(C)=NO1)C(O)=O,282.29,3,2,9,4,-2.196,140.57,Inactive
CC(=O)NC1C(OC(=CC1N(CCCC(=O)N1CCCCC1)C(N)=N)C(O)=O)C(O)C(O)CO,485.61,11,2,13,8,-2.155,209.74,Inactive
COC1=C(CC=C(C)CCC(O)C(C)=C)C(O)=C(C=C1)C(=O)C=CC1=CC=C(O)C=C1,422.56,10,2,5,3,5.786,86.99,Inactive
CCCOC1C=C(CC(N)C1NS(C)(=O)=O)C(O)=O,292.4,6,1,7,4,-0.47,127.1,Inactive
CCN(CC)C(=O)N1CC(N)C(C1)C(O)=O,229.32,3,1,6,3,-0.887,86.87,Inactive
OC(CCC1=CC=CC=C1)CC(O)C=CC1=CC=CC=C1,282.41,7,2,2,2,3.635,40.46,Inactive
COC(CCC(C)=CCC1=C(O)C=CC(C(=O)C=CC2=CC=C(O)C=C2)=C1O)OC,412.52,10,2,6,3,4.662,96.22,Inactive
CC(=O)NC1C(N)CC(=CC1N)C(O)=O,213.27,2,1,6,6,-2.026,118.44,Inactive
CCCN(CCC)C(=O)N1CC(N)C(C1)C(O)=O,257.38,5,1,6,3,0.16,86.87,Inactive
CC(=O)NC1C(OC(=CC1N(CCCC(=O)N1CCOCC1)C(N)=N)C(O)=O)C(O)C(O)CO,487.58,11,2,14,8,-3.385,218.97,Inactive
CC(C)=CCC(O)C1=CC(=O)C2=C(O)C=CC(O)=C2C1=O,288.32,3,2,5,3,2.394,94.83,Inactive
CC(=O)NC(C(O)C(O)CO)C1OC(O)(CC1O)C(O)=O,309.31,6,1,10,7,-3.389,176.78,Inactive
CC(C)C(=O)OC(CC=C(C)C)C1=CC(=O)C2=C(O)C=CC(O)=C2C1=O,358.42,6,2,6,2,3.903,100.9,Inactive
CC(C)=CCC(OC(=O)CC(C)(C)O)C1=CC(=O)C2=C(O)C=CC(O)=C2C1=O,388.45,7,2,7,3,2.932,121.13,Inactive
OCC1CCN(CC2=C3OC(=CC(=O)C3=C(O)C=C2O)C2=CC=C(O)C=C2)CC1,397.46,4,4,7,4,2.419,114.37,Inactive
CC(C)=CCC(OC(C)=O)C1=CC(=O)C2=C(O)C=CC(O)=C2C1=O,330.36,5,2,6,2,2.773,100.9,Inactive
COC1=CC=C(C(=O)C=CC2=CC=C(O)C=C2)C(O)=C1CC=C(C)C,338.43,6,2,4,2,5.007,66.76,Inactive
CCCN(CCC1=CC=CC=C1)C(=O)C1OC(=CC(N)C1NC(=O)CCC)C(O)=O,417.56,10,2,8,4,1.468,121.96,Inactive
CC1COCC(C)N1CC1=C2OC(=CC(=O)C2=C(O)C=C1O)C1=CC(O)=C(O)C=C1,413.46,3,4,8,4,2.583,123.6,Inactive
OC1=CC=C(C=C1)C1=CC(=O)C2=C(O)C=C(O)C(CN3CCCC3)=C2O1,353.4,3,4,6,3,2.869,94.14,Inactive
OC1CCCN(CC2=C3OC(=CC(=O)C3=C(O)C=C2O)C2=CC=C(O)C=C2)C1,383.43,3,4,7,4,2.358,114.37,Inactive
CC(C)N(CCCN)C(=O)N1CC(N)C(C1)C(O)=O,272.4,5,1,7,5,-1.625,112.89,Inactive
OC1=CC=C(C=C1)C1=CC(=O)C2=C(O)C=C(O)C(CN3CCC(CC4=CC=CC=C4)CC3)=C2O1,457.56,5,5,6,3,5.065,94.14,Inactive
CC(C)=CCC(OC(=O)C=C(C)C)C1=CC(=O)C2=C(O)C=CC(O)=C2C1=O,370.43,6,2,6,2,4.32,100.9,Inactive
OC1=CC=C(C=C1)C1=CC(=O)C2=C(O)C=C(O)C(CN3CCN(CC4=CC=CC=C4)CC3)=C2O1,458.55,5,5,7,3,3.949,97.38,Inactive
OCC1CCCN1CC1=C2OC(=CC(=O)C2=C(O)C=C1O)C1=CC=C(O)C=C1,383.43,4,4,7,4,2.358,114.37,Inactive
CC(C)(C)OC(=O)N1CC(N)C(C1)C(O)=O,230.3,3,1,6,3,-0.212,92.86,Inactive
OC1=CC=C(C=C1)C1=CC(=O)C2=C(O)C=C(O)C(CN3CCOCC3)=C2O1,369.4,3,4,7,3,2.096,103.37,Inactive
CC1CCCN(CC2=C3OC(=CC(=O)C3=C(O)C=C2O)C2=CC=C(O)C=C2)C1,381.46,3,4,6,3,3.644,94.14,Inactive
CN1CCN(CC2=C3OC(=CC(=O)C3=C(O)C=C2O)C2=CC(O)=C(O)C=C2)CC1,398.45,3,4,8,4,2.098,117.61,Inactive
CCCCC1=NOC(=N1)C1OC(=CC(N)C1NC(C)=O)C(O)=O,324.38,6,2,9,4,-0.617,140.57,Inactive
OC1=CC(O)=C2C(=O)C=C(OC2=C1CN1CCCCC1)C1=CC(O)=C(O)C=C1,383.43,3,4,7,4,3.058,114.37,Inactive
CC(C)=CCCC1=CC(=O)C2=C(O)C=CC(O)=C2C1=O,272.32,3,2,4,2,3.496,74.6,Inactive
OC1CCCN(CC2=C3OC(=CC(=O)C3=C(O)C=C2O)C2=CC(O)=C(O)C=C2)C1,399.43,3,4,8,5,2.091,134.6,Inactive
OC1COCC(O)N1CC1=C2OC(=CC(=O)C2=C(O)C=C1O)C1=CC=C(O)C=C1,401.4,3,4,9,5,1.416,143.83,Inactive
OCC1CCN(CC2=C3OC(=CC(=O)C3=C(O)C=C2O)C2=CC(O)=C(O)C=C2)CC1,413.46,4,4,8,5,2.151,134.6,Inactive
OC1CCCN(CC2=C3OC(=CC(=O)C3=C(O)C(O)=C2O)C2=CC=CC=C2)C1,383.43,3,4,7,4,2.358,114.37,Inactive
CC(=O)NC1C(NCCCC(O)=O)C=C(OC1C(O)C(O)CO)C(O)=O,376.41,10,1,11,7,-3.015,185.65,Inactive
CC(=O)NC1C(NCCCCC(O)=O)C=C(OC1C(O)C(O)CO)C(O)=O,390.44,11,1,11,7,-2.559,185.65,Inactive
CC(C)=CCCC(C)=CCCC(C)=CCO,222.41,7,0,1,1,4.761,20.23,Inactive
OC1=CC(O)=C2C(=O)C=C(OC2=C1CN1CCOCC1)C1=CC(O)=C(O)C=C1,385.4,3,4,8,4,1.828,123.6,Inactive
OCC1CCN(CC2=C3OC(=CC(=O)C3=C(O)C=C2O)C2=CC=CC=C2)CC1,381.46,4,4,6,3,2.686,94.14,Inactive
COC1=CC=C(C(=O)C=CC2=CC=C(O)C=C2)C(O)=C1CC=C(C)CCC=C(C)C,406.56,9,2,4,2,6.834,66.76,Inactive
CC(=O)NC1C(NC(=O)OC(C)(C)C)C=C(OC1C1=NNC(CC2=CC=CC=C2)=N1)C(=O)OC(C1=CC=CC=C1)C1=CC=CC=C1,623.77,12,5,10,3,4.536,144.53,Inactive
OC1CCN(CC2=C3OC(=CC(=O)C3=C(O)C(O)=C2O)C2=CC=CC=C2)CC1,383.43,3,4,7,4,1.841,114.37,Inactive
CCN(C(C)C)C(=O)N1CC(C(N)C1CNC(=O)C=C)C(O)=O,326.45,6,1,8,4,-0.591,115.97,Inactive
CC(=O)NC1C(N)C=C(OC1C1=NC(CC2=CC=CC=C2)=NO1)C(O)=O,358.39,5,3,9,4,-0.497,140.57,Inactive
CC1CCCCN1CC1=C2OC(=CC(=O)C2=C(O)C(O)=C1O)C1=CC=CC=C1,381.46,3,4,6,3,3.703,94.14,Inactive
CC(C)CC(=O)OC(CC=C(C)C)C1=COC(=C1)C1=C(O)C=CC(O)=C1,358.47,8,2,5,2,5.174,79.9,Inactive
CC(C)=CCC(OC(=O)C=C(C)C)C1=COC(=C1)C1=C(O)C=CC(O)=C1,356.45,7,2,5,2,5.345,79.9,Inactive
CC(C)C(=O)OC(CC=C(C)C)C1=COC(=C1)C1=C(O)C=CC(O)=C1,344.44,7,2,5,2,4.928,79.9,Inactive
OC1=C(O)C(CN2CCCCC2)=C2OC(=CC(=O)C2=C1O)C1=CC=CC=C1,367.43,3,4,6,3,3.325,94.14,Inactive
OC1=C(O)C(CN2CCCC2)=C2OC(=CC(=O)C2=C1O)C1=CC=CC=C1,353.4,3,4,6,3,2.869,94.14,Inactive
CC(=O)NCC1CC(CC1NC(N)=N)C(O)=O,242.32,5,1,7,6,-1.226,128.3,Inactive
CCN(C(C)C)C(=O)N1CC(C(N)C1CNS(C)(=O)=O)C(O)=O,350.5,6,1,9,4,-1.303,141.42,Inactive
OCCN1CCN(CC2=C3OC(=CC(=O)C3=C(O)C=C2O)C2=CC=CC=C2)CC1,396.48,5,4,7,3,2.093,97.38,Inactive
CN1CCN(CC2=C3OC(=CC(=O)C3=C(O)C=C2O)C2=CC=C(O)C=C2)CC1,382.45,3,4,7,3,2.365,97.38,Inactive
CC1CCCCN1CC1=C2OC(=CC(=O)C2=C(O)C=C1O)C1=CC(O)=C(O)C=C1,397.46,3,4,7,4,3.435,114.37,Inactive
CC1CCN(CC2=C3OC(=CC(=O)C3=C(O)C=C2O)C2=CC=C(O)C=C2)CC1,381.46,3,4,6,3,3.577,94.14,Inactive
OC1CCN(CC2=C3OC(=CC(=O)C3=C(O)C=C2O)C2=CC=C(O)C=C2)CC1,383.43,3,4,7,4,1.841,114.37,Inactive
OC1=CC(O)=C2C(=O)C=C(OC2=C1CN1CCCC1)C1=CC=CC=C1,337.4,3,4,5,2,3.136,73.91,Inactive
CNC(=O)C1OC(=CC(N)C1NC(C)=O)C(O)=O,257.28,3,1,8,5,-2.639,130.75,Inactive
CC(=O)NC1C(NCCCN)C=C(OC1C(O)C(O)CO)C(O)=O,347.42,9,1,10,8,-3.807,174.37,Inactive
CC(=O)NC1C(NCCCCN)C=C(OC1C(O)C(O)CO)C(O)=O,361.45,10,1,10,8,-3.227,174.37,Inactive
CC(=O)NC1C(NC2=NCCN2)C=C(OC1C(O)C(O)CO)C(O)=O,358.4,7,2,11,7,-2.987,172.74,Inactive
CC(=O)NC1C(NC(=N)NCCCN)C=C(OC1C(O)C(O)CO)C(O)=O,389.47,11,1,12,10,-3.778,210.25,Inactive
CC(=O)NC1C(NC(=N)NCCCCN)C=C(OC1C(O)C(O)CO)C(O)=O,403.5,12,1,12,10,-3.198,210.25,Inactive
CC(=O)NC1C(OC(=CC1N(CCCN)C(N)=N)C(O)=O)C(O)C(O)CO,389.47,10,1,12,10,-3.674,215.45,Inactive
CC(=O)NC1C(OC(=CC1N(CCCCN)C(N)=N)C(O)=O)C(O)C(O)CO,403.5,11,1,12,10,-3.094,215.45,Inactive
CCC(CC)NC1=C(C=CC(=C1)C(O)=O)N1CCCC1=O,290.4,6,2,5,2,2.599,69.64,Inactive
NC(=N)NC1=CC(=CC=C1N1CCCC1=O)C(O)=O,262.3,4,2,7,5,0.422,119.51,Inactive
OC1CCCN(CC2=C3OC(=CC(=O)C3=C(O)C=C2O)C2=CC=CC=C2)C1,367.43,3,4,6,3,2.626,94.14,Inactive
OCCN1CCN(CC2=C3OC(=CC(=O)C3=C(O)C(O)=C2O)C2=CC=CC=C2)CC1,412.48,5,4,8,4,1.826,117.61,Inactive
OC1CCN(CC2=C3OC(=CC(=O)C3=C(O)C=C2O)C2=CC=CC=C2)CC1,367.43,3,4,6,3,2.108,94.14,Inactive
CN1CCN(CC2=C3OC(=CC(=O)C3=C(O)C(O)=C2O)C2=CC=CC=C2)CC1,382.45,3,4,7,3,2.365,97.38,Inactive
CN1CCN(CC2=C3OC(=CC(=O)C3=C(O)C=C2O)C2=CC=CC=C2)CC1,366.45,3,4,6,2,2.633,77.15,Inactive
OC1=CC(O)=C2C(=O)C=C(OC2=C1CN1CCOCC1)C1=CC=CC=C1,353.4,3,4,6,2,2.363,83.14,Inactive
OCC1CCN(CC2=C3OC(=CC(=O)C3=C(O)C(O)=C2O)C2=CC=CC=C2)CC1,397.46,4,4,7,4,2.419,114.37,Inactive
CC1COCC(C)N1CC1=C2OC(=CC(=O)C2=C(O)C(O)=C1O)C1=CC=CC=C1,397.46,3,4,7,3,2.851,103.37,Inactive
OCC1(CO)CCC(=O)N1C1=CC=C(C=C1)C(O)=O,265.29,4,2,6,3,-0.178,98.07,Inactive
NCC1CCC(=O)N1C1=C(C=C(C=C1)C(O)=O)N=C(N)N,291.35,4,2,8,7,-0.882,148.03,Inactive
NC(=N)NC1CCC(O)(C1)C(O)=O,187.23,3,1,6,6,-1.051,119.43,Inactive
NC1CCC(O)(C1)C(O)=O,145.18,1,1,4,4,-1.081,83.55,Inactive
CCC(CCC1=CC=CC=C1)OC1C=C(CC(N)C1NC(C)=O)C(O)=O,360.5,8,2,6,4,1.934,101.65,Active
CCC(C)OC1C=C(CC(NC(N)=N)C1NC(C)=O)C(O)=O,312.42,7,1,8,6,-0.049,137.53,Active
CCC(CC)OC1C=C(CC(NC(N)=N)C1NC(C)=O)C(O)=O,326.45,8,1,8,6,0.475,137.53,Active
CCC(CC)C(NC(C)=O)C1CC(CC1NC(N)=N)C(O)=O,312.47,8,1,7,6,0.907,128.3,Active
CCC(CC=C)OC1C=C(CC(N)C1NC(C)=O)C(O)=O,296.41,7,1,6,4,0.511,101.65,Active
CCCCCCCC(CC)OC1C=C(CC(N)C1NC(C)=O)C(O)=O,354.55,11,1,6,4,2.727,101.65,Active
CCC(CCC1CCCCC1)OC1C=C(CC(N)C1NC(C)=O)C(O)=O,366.56,8,2,6,4,2.607,101.65,Active
CCCOC1C=C(CC(NC(N)=N)C1NC(C)=O)C(O)=O,298.39,7,1,8,6,-0.426,137.53,Active
CCCN(CCC1=CC(=CC=C1)C1=CC=CC=C1)C(=O)C1OC(=CC(N)C1NC(C)=O)C(O)=O,465.6,9,3,8,4,1.863,121.96,Active
CCC(CC)OC1C(NC(C)=O)C(N)CC(C(O)=O)=C1F,302.39,6,1,7,4,0.356,101.65,Active
CCCCOC1C=C(CC(NC(N)=N)C1NC(C)=O)C(O)=O,312.42,8,1,8,6,0.03,137.53,Active
CCCN(CCC1=CC(O)=CC=C1)C(=O)C1OC(=CC(N)C1NC(C)=O)C(O)=O,405.5,8,2,9,5,0.077,142.19,Active
CCCOC1C=C(CC(NC(N)=NC)C1NC(C)=O)C(O)=O,312.42,7,1,8,5,-0.22,126.04,Active
CCCN(CCC1=CC=CC=C1)C(=O)C1OC(=CC(NC(N)=N)C1NC(C)=O)C(O)=O,431.55,10,2,10,6,0.374,157.84,Active
CCCN(CCC1=CC(OC)=CC=C1)C(=O)C1OC(=CC(N)C1NC(C)=O)C(O)=O,419.53,9,2,9,4,0.328,131.19,Active
CCCN(CCC1=C(Cl)C=C(Cl)C=C1)C(=O)C1OC(=CC(N)C1NC(C)=O)C(O)=O,458.38,8,2,8,4,1.673,121.96,Active
CCC(CC)N(C)C1C=C(CC(N)C1NC(C)=O)C(O)=O,297.45,6,1,6,4,0.715,95.66,Active
CC1CCC(C)N1C(=O)C1OC(=CC(N)C1NC(C)=O)C(O)=O,325.41,3,2,8,4,-1.217,121.96,Active
CCCCCCCCCN(CCC)C(=O)C1OC(=CC(NC(N)=N)C1NC(C)=O)C(O)=O,453.66,15,1,10,6,2.079,157.84,Active
CC(=O)NC1C(N)CC(=CC1N1CCCCCC1CO)C(O)=O,325.46,4,2,7,5,-0.196,115.89,Active
CCCN(CCC1=CC=C(OC)C=C1)C(=O)C1OC(=CC(N)C1NC(C)=O)C(O)=O,419.53,9,2,9,4,0.328,131.19,Active
CC(C)N(CCC1=CC=CC=C1)C(=O)C1OC(=CC(N)C1NC(C)=O)C(O)=O,389.5,7,2,8,4,0.198,121.96,Active
CC(=O)NC1C(N)C=C(OC1C(=O)N(CCN=[N+]=[N-])CCC1=CC=CC=C1)C(O)=O,416.49,9,2,10,4,-1.63,170.72,Active
CCC(C)OC1C=C(CC(N)C1NC(C)=O)C(O)=O,270.37,5,1,6,4,-0.078,101.65,Active
CCCN(CCC1=C(OC)C=CC=C1)C(=O)C1OC(=CC(N)C1NC(C)=O)C(O)=O,419.53,9,2,9,4,0.328,131.19,Active
CCCN(CCC1=CC=C(O)C=C1)C(=O)C1OC(=CC(N)C1NC(C)=O)C(O)=O,405.5,8,2,9,5,0.077,142.19,Active
CCCN(CCC)C1C=C(CC(N)C1NC(C)=O)C(O)=O,297.45,7,1,6,4,0.687,95.66,Active
CC(=O)NC1C(N)C=C(OC1C(=O)N(CCO)CCC1=CC=CC=C1)C(O)=O,391.47,8,2,9,5,-1.067,142.19,Active
CCCN(CCC1=CC=C(C=C1)C(C)C)C(=O)C1OC(=CC(N)C1NC(C)=O)C(O)=O,431.59,9,2,8,4,1.539,121.96,Active
CCN(CC)C(=O)C(NC(C)=O)C1CC(CC1NC(N)=N)C(O)=O,341.47,8,1,9,6,-1.021,148.61,Active
CCC(CC1CCCCC1)OC1C=C(CC(N)C1NC(C)=O)C(O)=O,352.53,7,2,6,4,2.151,101.65,Active
CCCN(CCCC1=CC=CC=C1)C(=O)C1OC(=CC(N)C1NC(C)=O)C(O)=O,403.53,9,2,8,4,0.801,121.96,Active
CC(=O)NC1C(N)CC(=CC1N1CCCCC1)C(O)=O,281.4,3,2,6,4,-0.141,95.66,Active
CC(=O)NC1C(N)CC(=CC1N1CCCCCCC1)C(O)=O,309.46,3,2,6,4,0.771,95.66,Active
CCC(CCO)OC1C=C(CC(N)C1NC(C)=O)C(O)=O,300.4,7,1,7,5,-0.904,121.88,Active
[H]C12CCC([H])(CCC1)N2C1C=C(CC(N)C1NC(C)=O)C(O)=O,307.44,3,3,6,4,0.377,95.66,Active
CC(=O)NC1C(N)CC(=CC1N1CCCCCC1)C(O)=O,295.43,3,2,6,4,0.315,95.66,Active
CC(=O)NC1C(N)C=C(OC1C(=O)N(CC=C)CC=C)C(O)=O,323.39,7,1,8,4,-1.199,121.96,Active
CC(=O)NC(C1CC(CC1NC(N)=N)C(O)=O)C(=O)N1CCOCC1,355.45,6,2,10,6,-2.031,157.84,Active
CCCC1CCN(CC1)C1C=C(CC(N)C1NC(C)=O)C(O)=O,323.49,5,2,6,4,1.023,95.66,Active
CC(=O)NC1C(N)C=C(OC1C(=O)N(CCC1=CC=CC=C1)C1CC1)C(O)=O,387.48,7,3,8,4,-0.038,121.96,Active
CC1CCN(CC1)C1C=C(CC(N)C1NC(C)=O)C(O)=O,295.43,3,2,6,4,0.111,95.66,Active
CCC1CCN(CC1)C1C=C(CC(N)C1NC(C)=O)C(O)=O,309.46,4,2,6,4,0.567,95.66,Active
CCCN(CCC)C(=O)C(NC(C)=O)C1CC(CC1NC(N)=N)C(O)=O,369.53,10,1,9,6,0.027,148.61,Active
CCCN(C)C1C=C(CC(N)C1NC(C)=O)C(O)=O,269.39,5,1,6,4,-0.186,95.66,Active
CC(=O)NC1C(N)CC(=CC1N1CCCCCCCC1)C(O)=O,323.49,3,2,6,4,1.228,95.66,Active
CCC(CC)NC(=O)C(NC(C)=O)C1CC(CC1NC(N)=N)C(O)=O,355.5,9,1,9,7,-0.151,157.4,Active
CCCCN(CC)C1C=C(CC(N)C1NC(C)=O)C(O)=O,297.45,7,1,6,4,0.619,95.66,Active
CC(=O)NC1C(N)CC(=CC1OCCCC1=CC=C(C=C1)C1=CC=CC=C1)C(O)=O,408.54,8,3,6,4,2.551,101.65,Active
CCCN(CC)C1C=C(CC(N)C1NC(C)=O)C(O)=O,283.42,6,1,6,4,0.163,95.66,Active
CC(=O)NC1C(O)C=C(CC1NC(N)=N)C(O)=O,256.3,4,1,8,7,-1.707,148.53,Active
CN(CCC1=CC=CC=C1)C1C=C(CC(N)C1NC(C)=O)C(O)=O,331.46,6,2,6,4,0.846,95.66,Active
CCCN(CC)C(=O)C(NC(C)=O)C1CC(CC1NC(N)=N)C(O)=O,355.5,9,1,9,6,-0.497,148.61,Active
CCC(CC)C(=O)N1N=C(CC(NC(N)=N)C1NC(C)=O)C(O)=O,340.44,7,1,10,6,-0.261,160.97,Active
CCCOC1C=C(CC(NC=N)C1NC(C)=O)C(O)=O,283.37,7,1,7,4,-0.232,111.51,Active
CC(=O)NC(C1CC(CC1NC(N)=N)C(O)=O)C(=O)N1CCCCC1,353.48,6,2,9,6,-0.801,148.61,Active
CCCC1CCCCN1C(=O)C(NC(C)=O)C1CC(CC1NC(N)=N)C(O)=O,395.57,8,2,9,6,0.556,148.61,Active
CCCCCCOC1C=C(CC(N)C1NC(C)=O)C(O)=O,298.43,8,1,6,4,0.913,101.65,Active
CCC1CCCCN1C(=O)C(NC(C)=O)C1CC(CC1NC(N)=N)C(O)=O,381.54,7,2,9,6,0.1,148.61,Active
CCCCCCCCOC1C=C(CC(N)C1NC(C)=O)C(O)=O,326.49,10,1,6,4,1.826,101.65,Active
CCCCN(C)C1C=C(CC(N)C1NC(C)=O)C(O)=O,283.42,6,1,6,4,0.27,95.66,Active
CN(C1CCCCC1)C1C=C(CC(N)C1NC(C)=O)C(O)=O,309.46,4,2,6,4,0.8,95.66,Active
CC(C)COC1C=C(CC(N)C1NC(C)=O)C(O)=O,270.37,5,1,6,4,-0.136,101.65,Active
CCCCCOC1C=C(CC(N)C1NC(C)=O)C(O)=O,284.4,7,1,6,4,0.457,101.65,Active
CCCN(CC1CC1)C(=O)C(NC(C)=O)C1CC(CC1NC(N)=N)C(O)=O,381.54,10,2,9,6,-0.026,148.61,Active
CCCNC1C=C(CC(N)C1NC(C)=O)C(O)=O,255.36,5,1,6,5,-0.722,104.45,Active
CCCCCCCCCOC1C=C(CC(N)C1NC(C)=O)C(O)=O,340.52,11,1,6,4,2.282,101.65,Active
CCCSC1C=C(CC(N)C1NC(C)=O)C(O)=O,272.41,5,1,5,4,0.289,117.72,Active
CCCCC1C=C(CC(N)C1NC(C)=O)C(O)=O,254.37,5,1,5,4,0.783,92.42,Active
CC(=O)NC(C1CC(CC1NC(N)=N)C(O)=O)C(=O)N1CCSCC1,371.52,6,2,9,6,-1.286,173.91,Active
CC(CCC1=CC=CC=C1)NC(=O)C(NC(C)=O)C1CC(CC1NC(N)=N)C(O)=O,417.57,10,2,9,7,0.814,157.4,Active
CC1CCCCN1C(=O)C(NC(C)=O)C1CC(CC1NC(N)=N)C(O)=O,367.51,6,2,9,6,-0.424,148.61,Active
CC(=O)NC1C(N)CC(=CC1N1CCOCC1)C(O)=O,283.37,3,2,7,4,-1.371,104.89,Active
CCC1(CC)CN(C1)C1C=C(CC(N)C1NC(C)=O)C(O)=O,309.46,5,2,6,4,0.587,95.66,Active
CCCCCCCOC1C=C(CC(N)C1NC(C)=O)C(O)=O,312.46,9,1,6,4,1.369,101.65,Active
CCCN(CCC1=CC=C(CC2=CC=CC=C2)C=C1)C(=O)C1OC(=CC(N)C1NC(C)=O)C(O)=O,479.63,10,3,8,4,2.319,121.96,Active
CCC1CCC(CC)N1C(=O)C1OC(=CC(N)C1NC(C)=O)C(O)=O,353.47,5,2,8,4,-0.169,121.96,Active
CCCCOC1C=C(CC(N)C1NC(C)=O)C(O)=O,270.37,6,1,6,4,0.001,101.65,Active
CC(=O)NC1C(N)CC(=CC1N1CCCC1)C(O)=O,267.37,3,2,6,4,-0.597,95.66,Active
CC1CCCN1C(=O)C1OC(=CC(N)C1NC(C)=O)C(O)=O,311.38,3,2,8,4,-1.594,121.96,Active
CCNC(=O)C(NC(C)=O)C1CC(CC1NC(N)=N)C(O)=O,313.41,7,1,9,7,-1.575,157.4,Active
CCC(C)NC(=O)C(NC(C)=O)C1CC(CC1NC(N)=N)C(O)=O,341.47,8,1,9,7,-0.674,157.4,Active
CCCCN(CC)C(=O)C(NC(C)=O)C1CC(CC1NC(N)=N)C(O)=O,369.53,10,1,9,6,-0.041,148.61,Active
CC(=O)NC(C1CC(CC1NC(N)=N)C(O)=O)C(=O)N1CCCC1,339.45,6,2,9,6,-1.257,148.61,Active
CCCCCCCCCCOC1C=C(CC(N)C1NC(C)=O)C(O)=O,354.55,12,1,6,4,2.738,101.65,Active
CC(=O)NC1C(N)CC(=CC1OCC1=CC=CC=C1)C(O)=O,304.38,5,2,6,4,0.256,101.65,Active
CN(CC=C)C(=O)C(NC(C)=O)C1CC(CC1NC(N)=N)C(O)=O,339.45,8,1,9,6,-1.102,148.61,Active
CCN(CC1=CC=CC=C1)C(=O)C(NC(C)=O)C1CC(CC1NC(N)=N)C(O)=O,403.54,9,2,9,6,0.214,148.61,Active
CCN(CCO)C(=O)C(NC(C)=O)C1CC(CC1NC(N)=N)C(O)=O,357.47,9,1,10,7,-1.909,168.84,Active
CC(=O)NC(C1CC(CC1NC(N)=N)C(O)=O)C(=O)NCC=C,325.42,8,1,9,7,-1.307,157.4,Active
CC(=O)NC(C1CC(CC1NC(N)=N)C(O)=O)C(=O)N1CCC1,325.42,6,2,9,6,-1.837,148.61,Active
CCCN(C)C(=O)C(NC(C)=O)C1CC(CC1NC(N)=N)C(O)=O,341.47,8,1,9,6,-0.846,148.61,Active
CC(=O)NC(C1CC(CC1NC(N)=N)C(O)=O)C(=O)N1CCCCCC1,367.51,6,2,9,6,-0.345,148.61,Active
CCCCCCN(C)C(=O)C(NC(C)=O)C1CC(CC1NC(N)=N)C(O)=O,383.56,11,1,9,6,0.523,148.61,Inactive
CCC(CC)OC1=CC(=CC=C1NC(C)=O)C(O)=O,265.34,6,1,5,2,2.312,75.63,Inactive
CC(=O)NC1C(N)C=C(OC1C(=O)NC1CCCCC1)C(O)=O,325.41,4,2,8,5,-0.78,130.75,Inactive
CC(=O)NC1C(N)C=C(OC1C(=O)N(CCC1=CC=CC=C1)CC(N)=O)C(O)=O,404.47,8,2,10,6,-1.461,165.05,Inactive
CC(=O)NC1C(NC(N)=N)C=C(OC1C(=O)NCCN)C(O)=O,328.38,7,1,11,9,-3.439,192.65,Inactive
CCC(CC)NC1=CC(=CC=C1NC(C)=O)C(O)=O,264.36,6,1,5,3,2.137,78.43,Inactive
CCC(CC)C(=O)NC1=CC(=CC=C1NC(C)=O)C(O)=O,292.37,6,1,6,3,1.717,95.5,Inactive
CC(=O)NC1C(N)C=C(OC1C(=O)N(CCN)CCC1=CC=CC=C1)C(O)=O,390.49,8,2,9,6,-1.357,147.98,Inactive
CC(=O)NC1=CN=C(C=C1N)C(O)=O,195.2,2,1,6,4,-0.914,105.31,Inactive
CS(=O)(=O)NC1=C(C=NO)C=C(C=C1NC(N)=N)C(O)=O,315.35,6,1,10,7,0.07,186.34,Inactive
CC(=O)NC1=C(C=C(C=C1NC(N)=N)C(O)=O)C(O)C(O)CO,326.35,7,1,10,9,-1.665,188.99,Inactive
CS(=O)(=O)NC1=CC=C(C=C1NC(N)=N)C(O)=O,272.32,5,1,8,6,0.224,153.75,Inactive
CC(=O)NC1C(N)C=C(OC1C(=O)N(CCC1=CC=CC=C1)CC(O)=O)C(O)=O,405.45,8,2,10,5,-0.858,159.26,Inactive
CS(=O)CC1=CC=C(C=C1NC(N)=N)C(O)=O,255.33,5,1,6,5,0.277,135.48,Inactive
CCCC(CCC)OC1=CC(=CC=C1NC(C)=O)C(O)=O,293.4,8,1,5,2,3.225,75.63,Inactive
CS(=O)(=O)CC1=CC=C(C=C1NC(N)=N)C(O)=O,271.33,5,1,7,5,0.373,141.72,Inactive
CN(C)CCN(CCC1=CC=CC=C1)C(=O)C1OC(=CC(N)C1NC(C)=O)C(O)=O,418.55,9,2,9,4,-0.389,125.2,Inactive
CC(=O)NC1C(N)C=C(OC1C(=O)NCCN)C(O)=O,286.33,5,1,9,7,-3.468,156.77,Inactive
CC(=O)NC1=C(CCO)C=C(C=C1NC(N)=N)C(O)=O,280.32,6,1,8,7,-0.322,148.53,Inactive
CC(=S)NC1=CN=C(C=C1)C(O)=O,196.25,2,1,4,2,0.732,94.31,Inactive
CC(=O)NC1C(N)C=C(OC1C(=O)NCCO)C(O)=O,287.31,5,1,9,6,-3.178,150.98,Inactive
CC(=O)NC1C(N)C=C(OC1C(=O)NCC(O)=O)C(O)=O,301.29,5,1,10,6,-2.969,168.05,Inactive
NC(=N)NC1=CC(=CC(C=NO)=C1)C(O)=O,222.23,4,1,7,6,0.687,131.79,Inactive
CC(C)C(=O)NC1=CC=C(C=C1NC(N)=N)C(O)=O,264.32,5,1,7,6,1.09,128.3,Inactive
CS(=O)(=O)NC1=C(N)N=C(C=C1N)C(O)=O,246.28,3,1,8,6,-0.858,156.78,Inactive
OC(=O)C1=CC=C(NC(=O)C2=CC=CC=C2)C=C1,241.26,3,2,4,2,2.219,66.4,Inactive
NC(=N)NC1=CC(=CC(NC(N)=N)=C1)C(O)=O,236.27,5,1,8,9,0.246,161.1,Inactive
CS(=O)(=O)NC1=CC=C(C=C1C=NO)C(O)=O,258.28,4,1,7,3,0.664,124.44,Inactive
NC(=N)NC1=CC(N)=CC(=C1)C(O)=O,194.22,3,1,6,7,0.094,125.22,Inactive
CS(=O)(=O)NC1=C(CO)C=C(C=C1NC(N)=N)C(O)=O,302.35,6,1,9,7,-0.381,173.98,Inactive
CC(=O)NC1=CN=C(C=C1)C(O)=O,180.18,2,1,5,2,-0.167,79.29,Inactive
CC(=O)NC1=CC=C(C=C1CC[N+]([O-])=O)C(O)=O,252.25,5,1,6,2,0.921,112.22,Inactive
NS(=O)(=O)C1=CC=C(C=C1)C(O)=O,201.22,2,1,5,3,0.263,105.84,Inactive
CS(=O)(=O)NC1=CN=C(C=C1)C(O)=O,216.24,3,1,6,2,0.096,104.74,Inactive
CC(=O)NC1=C(N)N=C(C=C1)C(O)=O,195.2,2,1,6,4,-0.375,105.31,Inactive
OC(=O)C1=CC=CC(NC#N)=C1,162.16,2,1,4,2,1.176,73.12,Inactive
NC(=N)NC1=CC(=CC=C1)C(O)=O,179.2,3,1,5,5,0.84,99.2,Inactive
CC(=O)NC1=CC=C(C=C1C=NO)C(O)=O,222.22,3,1,6,3,0.401,98.99,Inactive
CC(=O)NC1=CC=C(C=C1N)C(O)=O,194.21,2,1,5,4,-0.192,92.42,Inactive
CC(=O)NC1=CC=C(C=C1O)C(O)=O,195.19,2,1,5,3,0.287,86.63,Inactive
